{"test_loss": 2.5580058097839355, "test_accuracy": 0.625, "training_history": {"accuracy": [0.8981978297233582, 0.9430598020553589, 0.9551380276679993, 0.9633818864822388, 0.9626150131225586, 0.9702837467193604, 0.9735429286956787, 0.9760352969169617], "loss": [0.30863165855407715, 0.14667370915412903, 0.1262342482805252, 0.09781370311975479, 0.11061939597129822, 0.0827416181564331, 0.06386052817106247, 0.0646907389163971], "val_accuracy": [0.5, 0.5, 0.5, 0.5, 0.5, 0.5, 0.5, 0.5], "val_loss": [17.204254150390625, 6.852288246154785, 3.0880603790283203, 6.690967559814453, 12.134651184082031, 13.14507007598877, 7.52391242980957, 3.2084970474243164], "learning_rate": [9.999999747378752e-05, 9.999999747378752e-05, 9.999999747378752e-05, 9.999999747378752e-05, 9.999999747378752e-05, 9.999999747378752e-05, 4.999999873689376e-05, 4.999999873689376e-05]}}